{
    "precision": {
        "mean": 0.11604938271604937,
        "std": 0.0
    },
    "recall": {
        "mean": 0.057995315301566396,
        "std": 0.0
    },
    "hit_rate": {
        "mean": 0.47530864197530864,
        "std": 0.0
    },
    "ndcg": {
        "mean": 0.1364429544865157,
        "std": 0.0
    }
}