{
    "precision": {
        "mean": 0.13888888888888895,
        "std": 0.0
    },
    "recall": {
        "mean": 0.038766543701285495,
        "std": 0.0
    },
    "hit_rate": {
        "mean": 0.5308641975308642,
        "std": 0.0
    },
    "ndcg": {
        "mean": 0.16136031213113128,
        "std": 0.0
    }
}