{
    "precision": {
        "mean": 0.20675675675675675,
        "std": 0.0
    },
    "recall": {
        "mean": 0.08328083830860086,
        "std": 0.0
    },
    "hit_rate": {
        "mean": 0.6283783783783784,
        "std": 0.0
    },
    "ndcg": {
        "mean": 0.23522609471106576,
        "std": 0.0
    }
}