{
    "precision": {
        "mean": 0.10405405405405406,
        "std": 0.0
    },
    "recall": {
        "mean": 0.053486462671882014,
        "std": 0.0
    },
    "hit_rate": {
        "mean": 0.4189189189189189,
        "std": 0.0
    },
    "ndcg": {
        "mean": 0.12957744858914258,
        "std": 0.0
    }
}